{"cameraMode":{"drawMode":0,"name":"Shaded","section":"Shading Mode"},"sceneLighting":true,"audioPlay":false,"sceneViewState":{"showFog":true,"showMaterialUpdate":true,"showSkybox":false,"showFlares":true,"showImageEffects":true,"showParticleSystems":true},"in2DMode":false,"pivot":{"x":11.652786254882813,"y":4.56911563873291,"z":-1.8299369812011719},"rotation":{"x":-0.24569524824619294,"y":-0.35407546162605288,"z":0.09696832299232483,"w":-0.8971439599990845},"size":3.907127618789673,"orthographic":false}