{"cameraMode":{"drawMode":0,"name":"Shaded","section":"Shading Mode"},"sceneLighting":true,"audioPlay":false,"sceneViewState":{"showFog":false,"showMaterialUpdate":false,"showSkybox":false,"showFlares":false,"showImageEffects":false,"showParticleSystems":false},"in2DMode":false,"pivot":{"x":-2.791454792022705,"y":-3.2707748413085939,"z":8.618413925170899},"rotation":{"x":0.19529876112937928,"y":-0.1290423572063446,"z":0.025930801406502725,"w":0.9718726873397827},"size":10.0,"orthographic":false}